product_id,brand,productName,category,price,excerpt,exclude,reason
7-11::HomealxSN剝皮辣椒雞細扁麵,,,便當,,HomealxSN剝皮辣椒雞細扁麵:好吃，醬汁因為有剝皮辣椒的關係，辣度大約是小辣，整體來說不錯吃，也比較不油膩，麵體因為是冷凍加熱的關係。偶爾還是有些地方硬硬的，但影響不大，雞肉不算多也不柴，可圈可點的產品。,,修正分類並移除同篇百事可樂摘錄
7-11::酸辣湯,,,鹹食,,酸辣湯:酸與辣的完美平衡，對我來說就是不酸也不辣，吃得出酸味，但辣味卻曇花一現，更何況沒有豬(鴨)血，就是少了一味靈魂，缺一不可啊。,,修正分類並移除同篇御飯糰摘錄
7-11::米香黑胡椒紅酒牛肉御飯糰,,,,,黑胡椒紅酒牛肉御飯糰:好吃。必買，雖然我沒感覺到紅酒的酒味，但至少是將黑胡椒牛肉肉絲整個包進去飯糰裡面，這或許是近期內最值得買的商品了，肉量也給得很大方。,,移除同篇酸辣湯摘錄
7-11::百事可樂生可樂檸檬,,,,,百事可樂生可樂檸檬口味:不好意思，我真的喝不懂生可樂，但檸檬味也淡淡的，就入口後的後味有檸檬味而已，有人知道該怎麼欣賞這項產品嗎。,,移除同篇麵食摘錄
全家::小壽桃,,,,,__CLEAR__,true,同篇多商品留言全屬小壽桃分數錯置故移除
全家::芋泥巴斯克,,,甜點,,,,修正明確分類錯誤
全家::醇黑可可波蘿奶酥,,,麵包,,,,修正明確分類錯誤
全家::焦糖拿鐵烤雞細扁麵,,,便當,,,,修正明確分類錯誤
全家::番茄起司手工千層麵,,,便當,,,,修正明確分類錯誤
7-11::阜杭豆漿饅頭夾豬排蛋,,,便當,,,,修正明確分類錯誤
7-11::玉米起司蛋餅,,,鹹食,,,,修正明確分類錯誤
全家::檸檬燕麥豆漿餐包,,,麵包,,,,修正明確分類錯誤
7-11::拉神之眼柑橘氣泡飲,,,飲料,,,,原文為水果氣泡飲
7-11::沙漠之星石榴洛神氣泡飲,,,飲料,,,,原文為水果氣泡飲
7-11::法老的紅寶石草莓氣泡飲,,,飲料,,,,原文為水果氣泡飲
萊爾富::喜勒焦糖烤布丁膩,,喜勒焦糖烤布丁,甜點,,,,移除混入商品名稱的評論詞
全家::牧場直送40牛奶冰淇淋甜筒,,牧場直送4.0牛奶冰淇淋甜筒,冰品,49,,,原文確認正式名稱與價格
全家::李多慧發聲按鈕飾品,,,,69,,,原文確認199元為消費門檻且商品加購價為69元
全家::剝皮辣椒雞奶油細扁麵,,,便當,,,,修正明確分類錯誤
7-11::韓國熊津枳椇子活力甘茶,,,飲料,,,,修正明確分類錯誤
7-11::開心果馬卡龍,,,甜點,,,,修正明確分類錯誤
全家::濃蕃茄火腿蛋包飯,,,便當,,,,修正明確分類錯誤
全家::可樂果香菜貢丸湯,,,零食,,,,修正明確分類錯誤
全家::可樂果烤香腸,,,零食,,,,修正明確分類錯誤
全家::義美高蛋白牛乳,,,飲料,,,,修正明確分類錯誤
7-11::八棟花生麻糬熱壓土司,,,麵包,,,,修正明確分類錯誤
全家::荔香雙果茶,,,飲料,,,,修正明確分類錯誤
7-11::御弁當金黃炸魚爪哇咖哩飯,,,便當,,,,修正明確分類錯誤
7-11::全家羊乳起司培根筆尖麵,全家,羊乳起司培根筆尖麵,便當,,,,修正品牌名稱與分類
7-11::東海大學巧克力牛乳,,,飲料,,__CLEAR__,true,同篇留言與煎餃共用且樣本過小分數不可靠故移除
全家::冰心乳酪條,,,甜點,,,,修正明確分類錯誤
全家::香草可樂味雲餡泡芙,,,甜點,,,,修正明確分類錯誤
7-11::哈密瓜風味波蘿,,,麵包,,,,修正明確分類錯誤
全家::養元雙月養仙茶,,,飲料,,,,修正明確分類錯誤
7-11::優菓甜坊可可玉米片奶酪,,,甜點,,,,修正明確分類錯誤
全家::蟹味可樂餅風炸飯糰,,,便當,,,,修正明確分類錯誤
7-11::可樂果濃厚臭豆腐,,,零食,,,,修正明確分類錯誤
全家::青檸紅茶馬卡龍,,,甜點,,,,修正明確分類錯誤
全家::立頓青檸果寶茶,,,飲料,,,,修正明確分類錯誤
全家::手標泰式檸檬風味康普茶,,,飲料,,,,修正明確分類錯誤
7-11::全家甘梅薯條,,,,,,true,品牌錯誤且已有另一筆同篇商品
全家::五窨茉莉茶后,,五窨茉莉茶后,飲料,,__CLEAR__,,移除門市限制殘詞清除錯配Q堤摘錄並修正分類為飲料
全家::款褲褲兔瓶套,,褲褲兔瓶套,,,,,修正倒置名稱
全家::滑爆可樂霜淇淋,,,,,__CLEAR__,,摘錄完全屬於焦糖海鹽麵包
全家::大冰特濃拿鐵,,,,,__CLEAR__,true,同篇留言幾乎全屬可可脆皮泡芙分數錯置故移除
全家::單品拿鐵巴西黃水晶,,,,,__CLEAR__,true,同篇留言多屬提拉米蘇分數錯置故移除
萊爾富::清原芋見雲朵,,,,,__CLEAR__,,摘錄完全屬於涼麵
全家::蘋果芒芒綠,,,,,蘋果芒芒綠是蘋果汁混芒果汁的組合。,,移除同篇餐盒摘錄
7-11::加賀屋開運蒲燒鰻魚御膳,,,,,加賀屋-開運蒲燒鰻魚御膳:簡直完美，這種價格吃到算很不錯了，雖然魚肉偶有細刺，但無傷大雅，魚肉的份量也不少。,,拆分同篇佛跳牆摘錄
7-11::米香台菜御品佛跳牆,,,,,米香台菜御品佛跳牆:我覺得味道好怪，不好吃，不要吃。我寧願吃海皇羹。,,拆分同篇鰻魚御膳摘錄
7-11::抹茶紅豆起司塔,,,,,抹茶紅豆起司塔的抹茶味還不錯，但抹茶是主角，紅豆大概是配角，也就是給太少吃不出味道。我還差點被起司燙到，微波版大家可以試試。,,拆分同篇德式布丁摘錄
7-11::蓮花焦糖脆餅德式布丁,,,,,蓮花焦糖脆餅德式布丁我還好，我蠻喜歡蓮花餅的，所以才買，但它的蓮花餅已經軟爛了，根本不是餅乾。,,拆分同篇起司塔摘錄
全家::黑糖牛奶珈琲,,,,,黑糖牛奶咖啡像比較甜的咖啡廣場，喝不出什麼黑糖味。,,拆分同篇牛奶珈琲摘錄
全家::牛奶珈琲,,,,,牛奶珈琲像咖啡廣場。,,拆分同篇黑糖牛奶珈琲摘錄
全家::仙草霜淇淋,,,,,完全不行，死甜、仙草味又淡。第一次霜淇淋吃不完扔去垃圾桶。,,拆分同篇皮蛋辣拌麵摘錄
全家::皮蛋辣拌麵,,,,,皮蛋辣拌麵味道蠻不錯的，但是價格有點高也沒啥料。,,拆分同篇仙草霜淇淋摘錄
全家::芋泥蒙布朗布丁,,,,55,,,原摘錄明確記載原價55元
全家::牧場直送40巧克力牛奶雪糕,,牧場直送4.0巧克力牛奶雪糕,,,,,原文商品標題確認為完整品名
全家::褲褲兔中秋款光柵扇,,褲褲兔中秋款光柵扇,,,,,移除贈送活動字樣
7-11::蕉財進寶香蕉風味拿鐵,,香蕉風味拿鐵大冰,,,,,移除價格與贈品字樣
7-11::明治指定巧克力,,,,,,true,「指定」為促銷品類非單一商品
7-11::氣炸鍋,,,,,,true,家電非便利商店食品
OK::統一布丁,,,,,,true,贈品活動無法確認商品歸屬
7-11::哆啦A夢脫窗版,,,,,,true,周邊商品非食品
全家::橘貓款冰棒襪套,,,,,,true,周邊商品非食品
全家::直立式發光招牌吊飾,,,,,,true,周邊商品非食品
全家::褲褲兔中秋款光柵扇,,,,,,true,周邊商品非食品
全家::LULU豬捏捏球罐頭盲盒,,,,,,true,周邊商品非食品
全家::褲褲兔紙膠帶,,,,,,true,周邊商品非食品
全家::褲褲兔搖搖筆,,,,,,true,周邊商品非食品
全家::款褲褲兔瓶套,,,,,,true,周邊商品非食品
7-11::動物方城市安全帽,,,,,,true,周邊商品非食品
7-11::Mindaday磁鐵壓克力夾,,,,,,true,周邊商品非食品
全家::瑪利歐投影相機吊飾,,,,,,true,周邊商品非食品
全家::馬年福袋,,,,,,true,促銷/贈品福袋無法對應單一商品
全家::春節福袋Hahababy款,,,,,,true,促銷/贈品福袋無法對應單一商品
萊爾富::馬年福袋,,,,,,true,促銷/贈品福袋無法對應單一商品
全家::萌寵可愛箱,,,,,,true,促銷/贈品福袋無法對應單一商品
全家::恐怖程度,,,,,,true,解析雜訊非真實商品(白醋涼麵雪糕評分片段)
全家::蜂蜜雷夢軟歐,,,麵包,,,,軟歐屬麵包修正分類錯誤
7-11::台南晶英酒店黑糖核桃乳酪軟歐,,,麵包,,,,軟歐屬麵包修正分類錯誤
全家::滿滿果乾切片軟歐,,,麵包,,果乾的確滿滿，麵包本體吃起來也軟帶點彈牙；但因為麵包本體份量大，熱量也是要注意。,,軟歐屬麵包修正分類錯誤；補個案摘錄（原文硬斷行使自動節錄遺漏熱量提醒）
7-11::21世紀紫薯QQ球,,,,,外皮很紮實的Q，內裡地瓜內餡香甜，覺得比路邊的地瓜球好吃。,,個案摘錄覆寫（原文硬斷行使自動節錄過短）
全家::夯地瓜娃包,,,,,,true,娃包為周邊商品非食品
7-11::半熟金萱,,,飲料,,,,原文為飲料修正分類錯誤
全家::海鮮粥,,,便當,,,,原文為正餐修正分類錯誤
全家::牧場直送40花生牛奶雪糕,,牧場直送4.0花生牛奶雪糕,,,,,原文正式名稱含4.0；擷取修好後不再被誤拆為兩項商品
